{"nextId":2,"logins":[{"id":1,"hostname":"https://pcdiga.com","httpRealm":null,"formSubmitURL":"https://pcdiga.com","usernameField":"","passwordField":"","encryptedUsername":"MDoEEPgAAAAAAAAAAAAAAAAAAAEwFAYIKoZIhvcNAwcECLw8u6iDHrCXBBDorVkDGOkeb/djEJaLwpZs","encryptedPassword":"MDIEEPgAAAAAAAAAAAAAAAAAAAEwFAYIKoZIhvcNAwcECHW5+yXovtQPBAhdBtIqSlMBHg==","guid":"{3e22fab0-3ec4-417b-a0b8-ca05b092d73c}","encType":1,"timeCreated":1705871631271,"timeLastUsed":1705871631271,"timePasswordChanged":1705871631271,"timesUsed":1,"syncCounter":1,"everSynced":false,"encryptedUnknownFields":"MDIEEPgAAAAAAAAAAAAAAAAAAAEwFAYIKoZIhvcNAwcECF168lzr3tIVBAjj2nDq/ZE1Bg=="}],"potentiallyVulnerablePasswords":[],"dismissedBreachAlertsByLoginGUID":{},"version":3}